Concept,Member,Member Type,Sort Weight,_version:1,_order:1000
0001fdca-769d-47e4-8397-1c73c8bad34b,CIEL:168183,CONCEPT-SET,1,,
0001fdca-769d-47e4-8397-1c73c8bad34b,CIEL:163443,CONCEPT-SET,2,,
0001fdca-769d-47e4-8397-1c73c8bad34b,CIEL:163437,CONCEPT-SET,3,,
0001fdca-769d-47e4-8397-1c73c8bad34b,CIEL:163438,CONCEPT-SET,4,,
0001fdca-769d-47e4-8397-1c73c8bad34b,CIEL:163002,CONCEPT-SET,5,,
0001fdca-769d-47e4-8397-1c73c8bad34b,CIEL:160918,CONCEPT-SET,6,,
0001fdca-769d-47e4-8397-1c73c8bad34b,CIEL:168168,CONCEPT-SET,7,,
0001fdca-769d-47e4-8397-1c73c8bad34b,CIEL:165555,CONCEPT-SET,8,,
0001fdca-769d-47e4-8397-1c73c8bad34b,CIEL:160670,CONCEPT-SET,9,,
0001fdca-769d-47e4-8397-1c73c8bad34b,CIEL:160711,CONCEPT-SET,10,,
0001fdca-769d-47e4-8397-1c73c8bad34b,CIEL:159824,CONCEPT-SET,11,,
0001fdca-769d-47e4-8397-1c73c8bad34b,CIEL:159823,CONCEPT-SET,12,,
0001fdca-769d-47e4-8397-1c73c8bad34b,166003AAAAAAAAAAAAAAAAAAAAAAAAAAAAAA,CONCEPT-SET,13,,
0001fdca-769d-47e4-8397-1c73c8bad34b,CIEL:165997,CONCEPT-SET,14,,
0001fdca-769d-47e4-8397-1c73c8bad34b,CIEL:166002,CONCEPT-SET,15,,
0001fdca-769d-47e4-8397-1c73c8bad34b,CIEL:163681,CONCEPT-SET,16,,
0001fdca-769d-47e4-8397-1c73c8bad34b,CIEL:168169,CONCEPT-SET,17,,
0001fdca-769d-47e4-8397-1c73c8bad34b,CIEL:163599,CONCEPT-SET,18,,
0001fdca-769d-47e4-8397-1c73c8bad34b,CIEL:168170,CONCEPT-SET,19,,
0001fdca-769d-47e4-8397-1c73c8bad34b,CIEL:163439,CONCEPT-SET,20,,
0001fdca-769d-47e4-8397-1c73c8bad34b,CIEL:163596,CONCEPT-SET,21,,
0001fdca-769d-47e4-8397-1c73c8bad34b,CIEL:163680,CONCEPT-SET,22,,
0001fdca-769d-47e4-8397-1c73c8bad34b,CIEL:166016,CONCEPT-SET,23,,
0001fdca-769d-47e4-8397-1c73c8bad34b,CIEL:168171,CONCEPT-SET,24,,
0001fdca-769d-47e4-8397-1c73c8bad34b,CIEL:168136,CONCEPT-SET,25,,
0001fdca-769d-47e4-8397-1c73c8bad34b,CIEL:159658,CONCEPT-SET,26,,
0001fdca-769d-47e4-8397-1c73c8bad34b,CIEL:168173,CONCEPT-SET,27,,
0001fdca-769d-47e4-8397-1c73c8bad34b,CIEL:161466,CONCEPT-SET,28,,
0001fdca-769d-47e4-8397-1c73c8bad34b,CIEL:161151,CONCEPT-SET,29,,
0001fdca-769d-47e4-8397-1c73c8bad34b,CIEL:159650,CONCEPT-SET,30,,
0001fdca-769d-47e4-8397-1c73c8bad34b,CIEL:159647,CONCEPT-SET,31,,
0001fdca-769d-47e4-8397-1c73c8bad34b,CIEL:159652,CONCEPT-SET,32,,
0001fdca-769d-47e4-8397-1c73c8bad34b,CIEL:159646,CONCEPT-SET,33,,
0001fdca-769d-47e4-8397-1c73c8bad34b,CIEL:159657,CONCEPT-SET,34,,
0001fdca-769d-47e4-8397-1c73c8bad34b,CIEL:163654,CONCEPT-SET,35,,
0001fdca-769d-47e4-8397-1c73c8bad34b,CIEL:168172,CONCEPT-SET,36,,
0001fdca-769d-47e4-8397-1c73c8bad34b,CIEL:168211,CONCEPT-SET,37,,
0001fdca-769d-47e4-8397-1c73c8bad34b,CIEL:159661,CONCEPT-SET,38,,
0001fdca-769d-47e4-8397-1c73c8bad34b,CIEL:168217,CONCEPT-SET,39,,
0001fdca-769d-47e4-8397-1c73c8bad34b,CIEL:159830,CONCEPT-SET,40,,
0001fdca-769d-47e4-8397-1c73c8bad34b,CIEL:161526,CONCEPT-SET,41,,
0001fdca-769d-47e4-8397-1c73c8bad34b,CIEL:161527,CONCEPT-SET,42,,
0001fdca-769d-47e4-8397-1c73c8bad34b,CIEL:163629,CONCEPT-SET,43,,
0001fdca-769d-47e4-8397-1c73c8bad34b,CIEL:161158,CONCEPT-SET,44,,
0001fdca-769d-47e4-8397-1c73c8bad34b,CIEL:163429,CONCEPT-SET,45,,
0001fdca-769d-47e4-8397-1c73c8bad34b,CIEL:163428,CONCEPT-SET,46,,
0001fdca-769d-47e4-8397-1c73c8bad34b,CIEL:167894,CONCEPT-SET,47,,
0001fdca-769d-47e4-8397-1c73c8bad34b,CIEL:168210,CONCEPT-SET,48,,
0001fdca-769d-47e4-8397-1c73c8bad34b,CIEL:163432,CONCEPT-SET,49,,
0001fdca-769d-47e4-8397-1c73c8bad34b,CIEL:163431,CONCEPT-SET,50,,
0001fdca-769d-47e4-8397-1c73c8bad34b,CIEL:163442,CONCEPT-SET,51,,
0001fdca-769d-47e4-8397-1c73c8bad34b,CIEL:161133,CONCEPT-SET,52,,
0001fdca-769d-47e4-8397-1c73c8bad34b,CIEL:167905,CONCEPT-SET,53,,
0001fdca-769d-47e4-8397-1c73c8bad34b,CIEL:160053,CONCEPT-SET,54,,
0001fdca-769d-47e4-8397-1c73c8bad34b,CIEL:163594,CONCEPT-SET,55,,
0001fdca-769d-47e4-8397-1c73c8bad34b,CIEL:163704,CONCEPT-SET,56,,
0001fdca-769d-47e4-8397-1c73c8bad34b,CIEL:167173,CONCEPT-SET,57,,
0001fdca-769d-47e4-8397-1c73c8bad34b,CIEL:163703,CONCEPT-SET,58,,
0001fdca-769d-47e4-8397-1c73c8bad34b,CIEL:163705,CONCEPT-SET,59,,
0001fdca-769d-47e4-8397-1c73c8bad34b,CIEL:163706,CONCEPT-SET,60,,
0001fdca-769d-47e4-8397-1c73c8bad34b,CIEL:163707,CONCEPT-SET,61,,
0001fdca-769d-47e4-8397-1c73c8bad34b,CIEL:165395,CONCEPT-SET,62,,
0001fdca-769d-47e4-8397-1c73c8bad34b,CIEL:161519,CONCEPT-SET,63,,
0001fdca-769d-47e4-8397-1c73c8bad34b,CIEL:165544,CONCEPT-SET,64,,
0001fdca-769d-47e4-8397-1c73c8bad34b,CIEL:165985,CONCEPT-SET,65,,
0001fdca-769d-47e4-8397-1c73c8bad34b,CIEL:163430,CONCEPT-SET,66,,
0001fdca-769d-47e4-8397-1c73c8bad34b,CIEL:167785,CONCEPT-SET,67,,
0001fdca-769d-47e4-8397-1c73c8bad34b,CIEL:161529,CONCEPT-SET,68,,
0001fdca-769d-47e4-8397-1c73c8bad34b,CIEL:161528,CONCEPT-SET,69,,
0001fdca-769d-47e4-8397-1c73c8bad34b,CIEL:166046,CONCEPT-SET,70,,
0001fdca-769d-47e4-8397-1c73c8bad34b,CIEL:161160,CONCEPT-SET,71,,
0001fdca-769d-47e4-8397-1c73c8bad34b,CIEL:163001,CONCEPT-SET,72,,
0001fdca-769d-47e4-8397-1c73c8bad34b,CIEL:165954,CONCEPT-SET,73,,
0001fdca-769d-47e4-8397-1c73c8bad34b,CIEL:168216,CONCEPT-SET,74,,
0001fdca-769d-47e4-8397-1c73c8bad34b,CIEL:163676,CONCEPT-SET,75,,
0001fdca-769d-47e4-8397-1c73c8bad34b,CIEL:159827,CONCEPT-SET,76,,
0001fdca-769d-47e4-8397-1c73c8bad34b,CIEL:163593,CONCEPT-SET,77,,
0001fdca-769d-47e4-8397-1c73c8bad34b,CIEL:168174,CONCEPT-SET,78,,
0001fdca-769d-47e4-8397-1c73c8bad34b,CIEL:168175,CONCEPT-SET,79,,
0001fdca-769d-47e4-8397-1c73c8bad34b,CIEL:168176,CONCEPT-SET,80,,
0001fdca-769d-47e4-8397-1c73c8bad34b,CIEL:167459,CONCEPT-SET,81,,
0001fdca-769d-47e4-8397-1c73c8bad34b,CIEL:166017,CONCEPT-SET,82,,
0001fdca-769d-47e4-8397-1c73c8bad34b,CIEL:168177,CONCEPT-SET,83,,
0001fdca-769d-47e4-8397-1c73c8bad34b,CIEL:168178,CONCEPT-SET,84,,
0001fdca-769d-47e4-8397-1c73c8bad34b,CIEL:163597,CONCEPT-SET,85,,
0001fdca-769d-47e4-8397-1c73c8bad34b,CIEL:163595,CONCEPT-SET,86,,
0001fdca-769d-47e4-8397-1c73c8bad34b,CIEL:163598,CONCEPT-SET,87,,
0001fdca-769d-47e4-8397-1c73c8bad34b,CIEL:165984,CONCEPT-SET,88,,
0001fdca-769d-47e4-8397-1c73c8bad34b,CIEL:168179,CONCEPT-SET,89,,
0001fdca-769d-47e4-8397-1c73c8bad34b,CIEL:168154,CONCEPT-SET,90,,
0001fdca-769d-47e4-8397-1c73c8bad34b,CIEL:159859,CONCEPT-SET,91,,
0001fdca-769d-47e4-8397-1c73c8bad34b,CIEL:163671,CONCEPT-SET,92,,
0001fdca-769d-47e4-8397-1c73c8bad34b,CIEL:159659,CONCEPT-SET,93,,
0001fdca-769d-47e4-8397-1c73c8bad34b,CIEL:159826,CONCEPT-SET,94,,
0001fdca-769d-47e4-8397-1c73c8bad34b,CIEL:166423,CONCEPT-SET,95,,
0001fdca-769d-47e4-8397-1c73c8bad34b,CIEL:165953,CONCEPT-SET,96,,
0001fdca-769d-47e4-8397-1c73c8bad34b,CIEL:161159,CONCEPT-SET,97,,
0001fdca-769d-47e4-8397-1c73c8bad34b,CIEL:168180,CONCEPT-SET,98,,
0001fdca-769d-47e4-8397-1c73c8bad34b,CIEL:165853,CONCEPT-SET,99,,
0001fdca-769d-47e4-8397-1c73c8bad34b,CIEL:161524,CONCEPT-SET,100,,
0001fdca-769d-47e4-8397-1c73c8bad34b,CIEL:161525,CONCEPT-SET,101,,
0001fdca-769d-47e4-8397-1c73c8bad34b,CIEL:161467,CONCEPT-SET,102,,
0001fdca-769d-47e4-8397-1c73c8bad34b,CIEL:163659,CONCEPT-SET,103,,
0001fdca-769d-47e4-8397-1c73c8bad34b,CIEL:159828,CONCEPT-SET,104,,
0001fdca-769d-47e4-8397-1c73c8bad34b,CIEL:166396,CONCEPT-SET,105,,
0001fdca-769d-47e4-8397-1c73c8bad34b,CIEL:1012,CONCEPT-SET,106,,
0001fdca-769d-47e4-8397-1c73c8bad34b,CIEL:168212,CONCEPT-SET,107,,
0001fdca-769d-47e4-8397-1c73c8bad34b,CIEL:163592,CONCEPT-SET,108,,
0001fdca-769d-47e4-8397-1c73c8bad34b,CIEL:166397,CONCEPT-SET,109,,
0001fdca-769d-47e4-8397-1c73c8bad34b,CIEL:166045,CONCEPT-SET,110,,
0001fdca-769d-47e4-8397-1c73c8bad34b,CIEL:166040,CONCEPT-SET,111,,
0001fdca-769d-47e4-8397-1c73c8bad34b,CIEL:166039,CONCEPT-SET,112,,
0001fdca-769d-47e4-8397-1c73c8bad34b,CIEL:165176,CONCEPT-SET,113,,
0001fdca-769d-47e4-8397-1c73c8bad34b,CIEL:159656,CONCEPT-SET,114,,
0001fdca-769d-47e4-8397-1c73c8bad34b,CIEL:168153,CONCEPT-SET,115,,
0001fdca-769d-47e4-8397-1c73c8bad34b,CIEL:168151,CONCEPT-SET,116,,
0001fdca-769d-47e4-8397-1c73c8bad34b,CIEL:161531,CONCEPT-SET,117,,
0001fdca-769d-47e4-8397-1c73c8bad34b,CIEL:161530,CONCEPT-SET,118,,
0001fdca-769d-47e4-8397-1c73c8bad34b,CIEL:168213,CONCEPT-SET,119,,
0001fdca-769d-47e4-8397-1c73c8bad34b,CIEL:167182,CONCEPT-SET,120,,
0001fdca-769d-47e4-8397-1c73c8bad34b,CIEL:168209,CONCEPT-SET,121,,
0001fdca-769d-47e4-8397-1c73c8bad34b,CIEL:168215,CONCEPT-SET,122,,
0001fdca-769d-47e4-8397-1c73c8bad34b,CIEL:168214,CONCEPT-SET,123,,
0001fdca-769d-47e4-8397-1c73c8bad34b,CIEL:166591,CONCEPT-SET,124,,
0001fdca-769d-47e4-8397-1c73c8bad34b,CIEL:168181,CONCEPT-SET,125,,
0001fdca-769d-47e4-8397-1c73c8bad34b,CIEL:163669,CONCEPT-SET,126,,
0001fdca-769d-47e4-8397-1c73c8bad34b,CIEL:163698,CONCEPT-SET,127,,
0001fdca-769d-47e4-8397-1c73c8bad34b,CIEL:302,CONCEPT-SET,128,,
0001fdca-769d-47e4-8397-1c73c8bad34b,CIEL:165177,CONCEPT-SET,129,,
0001fdca-769d-47e4-8397-1c73c8bad34b,CIEL:1369,CONCEPT-SET,130,,
0001fdca-769d-47e4-8397-1c73c8bad34b,CIEL:161457,CONCEPT-SET,131,,
0001fdca-769d-47e4-8397-1c73c8bad34b,CIEL:161455,CONCEPT-SET,132,,
0001fdca-769d-47e4-8397-1c73c8bad34b,CIEL:1029,CONCEPT-SET,133,,
0001fdca-769d-47e4-8397-1c73c8bad34b,CIEL:166047,CONCEPT-SET,134,,
0001fdca-769d-47e4-8397-1c73c8bad34b,CIEL:159660,CONCEPT-SET,135,,
0001fdca-769d-47e4-8397-1c73c8bad34b,CIEL:306,CONCEPT-SET,136,,
0001fdca-769d-47e4-8397-1c73c8bad34b,CIEL:166018,CONCEPT-SET,137,,
0001fdca-769d-47e4-8397-1c73c8bad34b,CIEL:159607,CONCEPT-SET,138,,
0001fdca-769d-47e4-8397-1c73c8bad34b,CIEL:160912,CONCEPT-SET,139,,
0001fdca-769d-47e4-8397-1c73c8bad34b,CIEL:160226,CONCEPT-SET,140,,
0001fdca-769d-47e4-8397-1c73c8bad34b,CIEL:159644,CONCEPT-SET,141,,
0001fdca-769d-47e4-8397-1c73c8bad34b,CIEL:21,CONCEPT-SET,142,,
0001fdca-769d-47e4-8397-1c73c8bad34b,CIEL:159606,CONCEPT-SET,143,,
0001fdca-769d-47e4-8397-1c73c8bad34b,CIEL:160914,CONCEPT-SET,144,,
0001fdca-769d-47e4-8397-1c73c8bad34b,CIEL:167175,CONCEPT-SET,145,,
0001fdca-769d-47e4-8397-1c73c8bad34b,CIEL:167176,CONCEPT-SET,146,,
0001fdca-769d-47e4-8397-1c73c8bad34b,CIEL:167174,CONCEPT-SET,147,,
0001fdca-769d-47e4-8397-1c73c8bad34b,CIEL:167177,CONCEPT-SET,148,,
0001fdca-769d-47e4-8397-1c73c8bad34b,CIEL:159655,CONCEPT-SET,149,,
0001fdca-769d-47e4-8397-1c73c8bad34b,CIEL:299,CONCEPT-SET,150,,
0001fdca-769d-47e4-8397-1c73c8bad34b,CIEL:160916,CONCEPT-SET,151,,
0001fdca-769d-47e4-8397-1c73c8bad34b,CIEL:785,CONCEPT-SET,152,,
0001fdca-769d-47e4-8397-1c73c8bad34b,CIEL:160917,CONCEPT-SET,153,,
0001fdca-769d-47e4-8397-1c73c8bad34b,CIEL:1299,CONCEPT-SET,154,,
0001fdca-769d-47e4-8397-1c73c8bad34b,CIEL:161469,CONCEPT-SET,155,,
0001fdca-769d-47e4-8397-1c73c8bad34b,CIEL:857,CONCEPT-SET,156,,
0001fdca-769d-47e4-8397-1c73c8bad34b,CIEL:161500,CONCEPT-SET,157,,
0001fdca-769d-47e4-8397-1c73c8bad34b,CIEL:160919,CONCEPT-SET,158,,
0001fdca-769d-47e4-8397-1c73c8bad34b,CIEL:160920,CONCEPT-SET,159,,
0001fdca-769d-47e4-8397-1c73c8bad34b,CIEL:160921,CONCEPT-SET,160,,
0001fdca-769d-47e4-8397-1c73c8bad34b,CIEL:160915,CONCEPT-SET,161,,
0001fdca-769d-47e4-8397-1c73c8bad34b,CIEL:163600,CONCEPT-SET,162,,
0001fdca-769d-47e4-8397-1c73c8bad34b,CIEL:163601,CONCEPT-SET,163,,
0001fdca-769d-47e4-8397-1c73c8bad34b,CIEL:1011,CONCEPT-SET,164,,
0001fdca-769d-47e4-8397-1c73c8bad34b,CIEL:159653,CONCEPT-SET,165,,
0001fdca-769d-47e4-8397-1c73c8bad34b,CIEL:1297,CONCEPT-SET,166,,
0001fdca-769d-47e4-8397-1c73c8bad34b,CIEL:161489,CONCEPT-SET,167,,
0001fdca-769d-47e4-8397-1c73c8bad34b,CIEL:159829,CONCEPT-SET,168,,
0001fdca-769d-47e4-8397-1c73c8bad34b,CIEL:159430,CONCEPT-SET,169,,
0001fdca-769d-47e4-8397-1c73c8bad34b,CIEL:1325,CONCEPT-SET,170,,
0001fdca-769d-47e4-8397-1c73c8bad34b,CIEL:1007,CONCEPT-SET,171,,
0001fdca-769d-47e4-8397-1c73c8bad34b,CIEL:160922,CONCEPT-SET,172,,
0001fdca-769d-47e4-8397-1c73c8bad34b,CIEL:1014,CONCEPT-SET,173,,
0001fdca-769d-47e4-8397-1c73c8bad34b,CIEL:161490,CONCEPT-SET,174,,
0001fdca-769d-47e4-8397-1c73c8bad34b,CIEL:1008,CONCEPT-SET,175,,
0001fdca-769d-47e4-8397-1c73c8bad34b,CIEL:160913,CONCEPT-SET,176,,
0001fdca-769d-47e4-8397-1c73c8bad34b,CIEL:1619,CONCEPT-SET,177,,
0001fdca-769d-47e4-8397-1c73c8bad34b,CIEL:848,CONCEPT-SET,178,,
0001fdca-769d-47e4-8397-1c73c8bad34b,CIEL:159497,CONCEPT-SET,179,,
0001fdca-769d-47e4-8397-1c73c8bad34b,CIEL:166038,CONCEPT-SET,180,,
0001fdca-769d-47e4-8397-1c73c8bad34b,CIEL:1135,CONCEPT-SET,181,,
0001fdca-769d-47e4-8397-1c73c8bad34b,CIEL:161507,CONCEPT-SET,182,,
0001fdca-769d-47e4-8397-1c73c8bad34b,CIEL:1134,CONCEPT-SET,183,,
0001fdca-769d-47e4-8397-1c73c8bad34b,CIEL:164364,CONCEPT-SET,184,,
0001fdca-769d-47e4-8397-1c73c8bad34b,CIEL:790,CONCEPT-SET,185,,
0001fdca-769d-47e4-8397-1c73c8bad34b,CIEL:161511,CONCEPT-SET,186,,
0001fdca-769d-47e4-8397-1c73c8bad34b,CIEL:887,CONCEPT-SET,187,,
0001fdca-769d-47e4-8397-1c73c8bad34b,CIEL:1458,CONCEPT-SET,188,,
0001fdca-769d-47e4-8397-1c73c8bad34b,CIEL:653,CONCEPT-SET,189,,
0001fdca-769d-47e4-8397-1c73c8bad34b,CIEL:654,CONCEPT-SET,190,,
0001fdca-769d-47e4-8397-1c73c8bad34b,CIEL:1013,CONCEPT-SET,191,,
0001fdca-769d-47e4-8397-1c73c8bad34b,CIEL:159643,CONCEPT-SET,192,,
0001fdca-769d-47e4-8397-1c73c8bad34b,CIEL:161154,CONCEPT-SET,193,,
0001fdca-769d-47e4-8397-1c73c8bad34b,CIEL:1133,CONCEPT-SET,194,,
0001fdca-769d-47e4-8397-1c73c8bad34b,CIEL:161516,CONCEPT-SET,195,,
0001fdca-769d-47e4-8397-1c73c8bad34b,CIEL:1132,CONCEPT-SET,196,,
0001fdca-769d-47e4-8397-1c73c8bad34b,CIEL:161502,CONCEPT-SET,197,,
0001fdca-769d-47e4-8397-1c73c8bad34b,CIEL:161505,CONCEPT-SET,198,,
0001fdca-769d-47e4-8397-1c73c8bad34b,CIEL:161504,CONCEPT-SET,199,,
0001fdca-769d-47e4-8397-1c73c8bad34b,CIEL:655,CONCEPT-SET,200,,
0001fdca-769d-47e4-8397-1c73c8bad34b,CIEL:1006,CONCEPT-SET,201,,
0001fdca-769d-47e4-8397-1c73c8bad34b,CIEL:717,CONCEPT-SET,202,,
0001fdca-769d-47e4-8397-1c73c8bad34b,CIEL:161522,CONCEPT-SET,203,,
0001fdca-769d-47e4-8397-1c73c8bad34b,CIEL:161523,CONCEPT-SET,204,,
0001fdca-769d-47e4-8397-1c73c8bad34b,CIEL:161503,CONCEPT-SET,205,,
0001fdca-769d-47e4-8397-1c73c8bad34b,CIEL:1009,CONCEPT-SET,206,,
0001fdca-769d-47e4-8397-1c73c8bad34b,CIEL:159654,CONCEPT-SET,207,,
0001fdca-769d-47e4-8397-1c73c8bad34b,CIEL:163699,CONCEPT-SET,208,,
0001fdca-769d-47e4-8397-1c73c8bad34b,CIEL:159825,CONCEPT-SET,209,,
0001fdca-769d-47e4-8397-1c73c8bad34b,CIEL:1298,CONCEPT-SET,210,,
0001fdca-769d-47e4-8397-1c73c8bad34b,CIEL:163435,CONCEPT-SET,211,,
0001fdca-769d-47e4-8397-1c73c8bad34b,CIEL:161449,CONCEPT-SET,212,,
0001fdca-769d-47e4-8397-1c73c8bad34b,CIEL:164948,CONCEPT-SET,213,,
0001fdca-769d-47e4-8397-1c73c8bad34b,CIEL:161134,CONCEPT-SET,214,,
0001fdca-769d-47e4-8397-1c73c8bad34b,CIEL:163695,CONCEPT-SET,215,,
0001fdca-769d-47e4-8397-1c73c8bad34b,CIEL:159734,CONCEPT-SET,216,,
0001fdca-769d-47e4-8397-1c73c8bad34b,CIEL:159733,CONCEPT-SET,217,,
0001fdca-769d-47e4-8397-1c73c8bad34b,CIEL:164947,CONCEPT-SET,218,,
0001fdca-769d-47e4-8397-1c73c8bad34b,CIEL:849,CONCEPT-SET,219,,
0001fdca-769d-47e4-8397-1c73c8bad34b,CIEL:161443,CONCEPT-SET,220,,
0001fdca-769d-47e4-8397-1c73c8bad34b,CIEL:161444,CONCEPT-SET,221,,
0001fdca-769d-47e4-8397-1c73c8bad34b,CIEL:162106,CONCEPT-SET,222,,
0001fdca-769d-47e4-8397-1c73c8bad34b,CIEL:165392,CONCEPT-SET,223,,
0001fdca-769d-47e4-8397-1c73c8bad34b,CIEL:162096,CONCEPT-SET,224,,
0001fdca-769d-47e4-8397-1c73c8bad34b,CIEL:161442,CONCEPT-SET,225,,
0001fdca-769d-47e4-8397-1c73c8bad34b,CIEL:161441,CONCEPT-SET,226,,
0001fdca-769d-47e4-8397-1c73c8bad34b,CIEL:161440,CONCEPT-SET,227,,
0001fdca-769d-47e4-8397-1c73c8bad34b,CIEL:161438,CONCEPT-SET,228,,
0001fdca-769d-47e4-8397-1c73c8bad34b,CIEL:1875,CONCEPT-SET,229,,
0001fdca-769d-47e4-8397-1c73c8bad34b,CIEL:167183,CONCEPT-SET,230,,
0001fdca-769d-47e4-8397-1c73c8bad34b,CIEL:161445,CONCEPT-SET,231,,
0001fdca-769d-47e4-8397-1c73c8bad34b,CIEL:161439,CONCEPT-SET,232,,
0001fdca-769d-47e4-8397-1c73c8bad34b,CIEL:162101,CONCEPT-SET,233,,
0001fdca-769d-47e4-8397-1c73c8bad34b,CIEL:163682,CONCEPT-SET,234,,
50975c1d-ae6a-4e8a-90cd-172a1e55156c,CIEL:165859,CONCEPT-SET,1,,
50975c1d-ae6a-4e8a-90cd-172a1e55156c,CIEL:166555,CONCEPT-SET,2,,
50975c1d-ae6a-4e8a-90cd-172a1e55156c,CIEL:305,CONCEPT-SET,3,,
50975c1d-ae6a-4e8a-90cd-172a1e55156c,CIEL:159862,CONCEPT-SET,4,,
50975c1d-ae6a-4e8a-90cd-172a1e55156c,CIEL:166023,CONCEPT-SET,5,,
50975c1d-ae6a-4e8a-90cd-172a1e55156c,CIEL:165860,CONCEPT-SET,6,,
50975c1d-ae6a-4e8a-90cd-172a1e55156c,CIEL:159651,CONCEPT-SET,7,,
50975c1d-ae6a-4e8a-90cd-172a1e55156c,CIEL:166556,CONCEPT-SET,8,,
50975c1d-ae6a-4e8a-90cd-172a1e55156c,CIEL:164925,CONCEPT-SET,9,,
50975c1d-ae6a-4e8a-90cd-172a1e55156c,CIEL:164924,CONCEPT-SET,10,,
50975c1d-ae6a-4e8a-90cd-172a1e55156c,CIEL:1033,CONCEPT-SET,11,,
50975c1d-ae6a-4e8a-90cd-172a1e55156c,CIEL:1034,CONCEPT-SET,12,,
50975c1d-ae6a-4e8a-90cd-172a1e55156c,CIEL:163612,CONCEPT-SET,13,,
50975c1d-ae6a-4e8a-90cd-172a1e55156c,CIEL:167207,CONCEPT-SET,14,,
50975c1d-ae6a-4e8a-90cd-172a1e55156c,CIEL:167208,CONCEPT-SET,15,,
50975c1d-ae6a-4e8a-90cd-172a1e55156c,CIEL:163613,CONCEPT-SET,16,,
50975c1d-ae6a-4e8a-90cd-172a1e55156c,CIEL:161232,CONCEPT-SET,17,,
50975c1d-ae6a-4e8a-90cd-172a1e55156c,CIEL:165838,CONCEPT-SET,18,,
50975c1d-ae6a-4e8a-90cd-172a1e55156c,CIEL:162827,CONCEPT-SET,19,,
50975c1d-ae6a-4e8a-90cd-172a1e55156c,CIEL:162826,CONCEPT-SET,20,,
50975c1d-ae6a-4e8a-90cd-172a1e55156c,CIEL:162598,CONCEPT-SET,21,,
50975c1d-ae6a-4e8a-90cd-172a1e55156c,CIEL:162597,CONCEPT-SET,22,,
50975c1d-ae6a-4e8a-90cd-172a1e55156c,CIEL:162599,CONCEPT-SET,23,,
50975c1d-ae6a-4e8a-90cd-172a1e55156c,167376AAAAAAAAAAAAAAAAAAAAAAAAAAAAAA,CONCEPT-SET,24,,
50975c1d-ae6a-4e8a-90cd-172a1e55156c,CIEL:161513,CONCEPT-SET,25,,
50975c1d-ae6a-4e8a-90cd-172a1e55156c,CIEL:162282,CONCEPT-SET,26,,
50975c1d-ae6a-4e8a-90cd-172a1e55156c,CIEL:168323,CONCEPT-SET,27,,
50975c1d-ae6a-4e8a-90cd-172a1e55156c,CIEL:1321,CONCEPT-SET,28,,
50975c1d-ae6a-4e8a-90cd-172a1e55156c,CIEL:1320,CONCEPT-SET,29,,
50975c1d-ae6a-4e8a-90cd-172a1e55156c,CIEL:1322,CONCEPT-SET,30,,
50975c1d-ae6a-4e8a-90cd-172a1e55156c,CIEL:161234,CONCEPT-SET,31,,
50975c1d-ae6a-4e8a-90cd-172a1e55156c,CIEL:1324,CONCEPT-SET,32,,
50975c1d-ae6a-4e8a-90cd-172a1e55156c,CIEL:1323,CONCEPT-SET,33,,
50975c1d-ae6a-4e8a-90cd-172a1e55156c,CIEL:167810,CONCEPT-SET,34,,
50975c1d-ae6a-4e8a-90cd-172a1e55156c,CIEL:167786,CONCEPT-SET,35,,
50975c1d-ae6a-4e8a-90cd-172a1e55156c,CIEL:168023,CONCEPT-SET,36,,
50975c1d-ae6a-4e8a-90cd-172a1e55156c,CIEL:167787,CONCEPT-SET,37,,
50975c1d-ae6a-4e8a-90cd-172a1e55156c,CIEL:1044,CONCEPT-SET,38,,
50975c1d-ae6a-4e8a-90cd-172a1e55156c,CIEL:1046,CONCEPT-SET,39,,
50975c1d-ae6a-4e8a-90cd-172a1e55156c,CIEL:1035,CONCEPT-SET,40,,
50975c1d-ae6a-4e8a-90cd-172a1e55156c,CIEL:1037,CONCEPT-SET,41,,
50975c1d-ae6a-4e8a-90cd-172a1e55156c,CIEL:844,CONCEPT-SET,42,,
50975c1d-ae6a-4e8a-90cd-172a1e55156c,CIEL:167441,CONCEPT-SET,43,,
50975c1d-ae6a-4e8a-90cd-172a1e55156c,CIEL:1030,CONCEPT-SET,44,,
50975c1d-ae6a-4e8a-90cd-172a1e55156c,CIEL:1318,CONCEPT-SET,45,,
50975c1d-ae6a-4e8a-90cd-172a1e55156c,CIEL:1042,CONCEPT-SET,46,,
50975c1d-ae6a-4e8a-90cd-172a1e55156c,CIEL:1041,CONCEPT-SET,47,,
50975c1d-ae6a-4e8a-90cd-172a1e55156c,CIEL:1040,CONCEPT-SET,48,,
50975c1d-ae6a-4e8a-90cd-172a1e55156c,CIEL:1326,CONCEPT-SET,49,,
50975c1d-ae6a-4e8a-90cd-172a1e55156c,CIEL:856,CONCEPT-SET,50,,
50975c1d-ae6a-4e8a-90cd-172a1e55156c,CIEL:1305,CONCEPT-SET,51,,
50975c1d-ae6a-4e8a-90cd-172a1e55156c,CIEL:1045,CONCEPT-SET,52,,
50975c1d-ae6a-4e8a-90cd-172a1e55156c,CIEL:1047,CONCEPT-SET,53,,
50975c1d-ae6a-4e8a-90cd-172a1e55156c,CIEL:165089,CONCEPT-SET,54,,
50975c1d-ae6a-4e8a-90cd-172a1e55156c,CIEL:165861,CONCEPT-SET,55,,
50975c1d-ae6a-4e8a-90cd-172a1e55156c,CIEL:163610,CONCEPT-SET,56,,
50975c1d-ae6a-4e8a-90cd-172a1e55156c,CIEL:163342,CONCEPT-SET,57,,
50975c1d-ae6a-4e8a-90cd-172a1e55156c,CIEL:151556,CONCEPT-SET,58,,
50975c1d-ae6a-4e8a-90cd-172a1e55156c,CIEL:163545,CONCEPT-SET,59,,
50975c1d-ae6a-4e8a-90cd-172a1e55156c,CIEL:163658,CONCEPT-SET,60,,
50975c1d-ae6a-4e8a-90cd-172a1e55156c,CIEL:164938,CONCEPT-SET,61,,
50975c1d-ae6a-4e8a-90cd-172a1e55156c,CIEL:1036,CONCEPT-SET,62,,
50975c1d-ae6a-4e8a-90cd-172a1e55156c,CIEL:1038,CONCEPT-SET,63,,
50975c1d-ae6a-4e8a-90cd-172a1e55156c,CIEL:885,CONCEPT-SET,64,,
50975c1d-ae6a-4e8a-90cd-172a1e55156c,CIEL:163662,CONCEPT-SET,65,,
50975c1d-ae6a-4e8a-90cd-172a1e55156c,CIEL:165852,CONCEPT-SET,66,,
50975c1d-ae6a-4e8a-90cd-172a1e55156c,CIEL:165841,CONCEPT-SET,67,,
50975c1d-ae6a-4e8a-90cd-172a1e55156c,CIEL:165842,CONCEPT-SET,68,,
50975c1d-ae6a-4e8a-90cd-172a1e55156c,CIEL:165840,CONCEPT-SET,69,,
50975c1d-ae6a-4e8a-90cd-172a1e55156c,CIEL:165981,CONCEPT-SET,70,,
50975c1d-ae6a-4e8a-90cd-172a1e55156c,CIEL:165562,CONCEPT-SET,71,,
50975c1d-ae6a-4e8a-90cd-172a1e55156c,CIEL:168019,CONCEPT-SET,72,,
50975c1d-ae6a-4e8a-90cd-172a1e55156c,CIEL:1945,CONCEPT-SET,73,,
50975c1d-ae6a-4e8a-90cd-172a1e55156c,CIEL:165611,CONCEPT-SET,74,,
50975c1d-ae6a-4e8a-90cd-172a1e55156c,CIEL:165624,CONCEPT-SET,75,,
50975c1d-ae6a-4e8a-90cd-172a1e55156c,CIEL:165982,CONCEPT-SET,76,,
50975c1d-ae6a-4e8a-90cd-172a1e55156c,CIEL:161462,CONCEPT-SET,77,,
50975c1d-ae6a-4e8a-90cd-172a1e55156c,CIEL:163661,CONCEPT-SET,78,,
50975c1d-ae6a-4e8a-90cd-172a1e55156c,CIEL:163663,CONCEPT-SET,79,,
50975c1d-ae6a-4e8a-90cd-172a1e55156c,CIEL:159870,CONCEPT-SET,80,,
50975c1d-ae6a-4e8a-90cd-172a1e55156c,CIEL:159869,CONCEPT-SET,81,,
50975c1d-ae6a-4e8a-90cd-172a1e55156c,CIEL:159865,CONCEPT-SET,82,,
50975c1d-ae6a-4e8a-90cd-172a1e55156c,CIEL:159868,CONCEPT-SET,83,,
50975c1d-ae6a-4e8a-90cd-172a1e55156c,CIEL:159867,CONCEPT-SET,84,,
50975c1d-ae6a-4e8a-90cd-172a1e55156c,CIEL:159866,CONCEPT-SET,85,,
50975c1d-ae6a-4e8a-90cd-172a1e55156c,CIEL:163603,CONCEPT-SET,86,,
50975c1d-ae6a-4e8a-90cd-172a1e55156c,CIEL:167330,CONCEPT-SET,87,,
50975c1d-ae6a-4e8a-90cd-172a1e55156c,CIEL:167377,CONCEPT-SET,88,,
50975c1d-ae6a-4e8a-90cd-172a1e55156c,CIEL:1031,CONCEPT-SET,89,,
50975c1d-ae6a-4e8a-90cd-172a1e55156c,CIEL:1032,CONCEPT-SET,90,,
50975c1d-ae6a-4e8a-90cd-172a1e55156c,CIEL:1043,CONCEPT-SET,91,,
50975c1d-ae6a-4e8a-90cd-172a1e55156c,CIEL:1039,CONCEPT-SET,92,,
50975c1d-ae6a-4e8a-90cd-172a1e55156c,CIEL:164917,CONCEPT-SET,93,,
50975c1d-ae6a-4e8a-90cd-172a1e55156c,CIEL:5475,CONCEPT-SET,94,,
50975c1d-ae6a-4e8a-90cd-172a1e55156c,CIEL:162202,CONCEPT-SET,95,,
50975c1d-ae6a-4e8a-90cd-172a1e55156c,CIEL:159858,CONCEPT-SET,96,,
50975c1d-ae6a-4e8a-90cd-172a1e55156c,CIEL:161456,CONCEPT-SET,98,,
50975c1d-ae6a-4e8a-90cd-172a1e55156c,CIEL:165539,CONCEPT-SET,99,,
50975c1d-ae6a-4e8a-90cd-172a1e55156c,CIEL:165865,CONCEPT-SET,100,,
50975c1d-ae6a-4e8a-90cd-172a1e55156c,CIEL:164923,CONCEPT-SET,101,,
50975c1d-ae6a-4e8a-90cd-172a1e55156c,CIEL:164921,CONCEPT-SET,102,,
50975c1d-ae6a-4e8a-90cd-172a1e55156c,CIEL:164920,CONCEPT-SET,103,,
50975c1d-ae6a-4e8a-90cd-172a1e55156c,CIEL:164922,CONCEPT-SET,104,,
50975c1d-ae6a-4e8a-90cd-172a1e55156c,CIEL:165302,CONCEPT-SET,105,,
50975c1d-ae6a-4e8a-90cd-172a1e55156c,CIEL:161149,CONCEPT-SET,106,,
50975c1d-ae6a-4e8a-90cd-172a1e55156c,CIEL:161454,CONCEPT-SET,107,,
50975c1d-ae6a-4e8a-90cd-172a1e55156c,CIEL:165301,CONCEPT-SET,108,,
50975c1d-ae6a-4e8a-90cd-172a1e55156c,CIEL:166137,CONCEPT-SET,109,,
50975c1d-ae6a-4e8a-90cd-172a1e55156c,CIEL:161472,CONCEPT-SET,110,,
50975c1d-ae6a-4e8a-90cd-172a1e55156c,CIEL:1356,CONCEPT-SET,111,,
50975c1d-ae6a-4e8a-90cd-172a1e55156c,CIEL:32,CONCEPT-SET,112,,
50975c1d-ae6a-4e8a-90cd-172a1e55156c,CIEL:161427,CONCEPT-SET,113,,
50975c1d-ae6a-4e8a-90cd-172a1e55156c,CIEL:161423,CONCEPT-SET,114,,
50975c1d-ae6a-4e8a-90cd-172a1e55156c,CIEL:163722,CONCEPT-SET,115,,
50975c1d-ae6a-4e8a-90cd-172a1e55156c,CIEL:1643,CONCEPT-SET,116,,
50975c1d-ae6a-4e8a-90cd-172a1e55156c,CIEL:161459,CONCEPT-SET,117,,
50975c1d-ae6a-4e8a-90cd-172a1e55156c,CIEL:161460,CONCEPT-SET,118,,
50975c1d-ae6a-4e8a-90cd-172a1e55156c,CIEL:161454,CONCEPT-SET,119,,
50975c1d-ae6a-4e8a-90cd-172a1e55156c,CIEL:164926,CONCEPT-SET,120,,
50975c1d-ae6a-4e8a-90cd-172a1e55156c,CIEL:908,CONCEPT-SET,121,,
50975c1d-ae6a-4e8a-90cd-172a1e55156c,CIEL:307,CONCEPT-SET,122,,
50975c1d-ae6a-4e8a-90cd-172a1e55156c,CIEL:1367,CONCEPT-SET,123,,
50975c1d-ae6a-4e8a-90cd-172a1e55156c,CIEL:159984,CONCEPT-SET,124,,
50975c1d-ae6a-4e8a-90cd-172a1e55156c,CIEL:167349,CONCEPT-SET,125,,
50975c1d-ae6a-4e8a-90cd-172a1e55156c,CIEL:167348,CONCEPT-SET,126,,
50975c1d-ae6a-4e8a-90cd-172a1e55156c,CIEL:167357,CONCEPT-SET,127,,
50975c1d-ae6a-4e8a-90cd-172a1e55156c,CIEL:167359,CONCEPT-SET,128,,
50975c1d-ae6a-4e8a-90cd-172a1e55156c,CIEL:163633,CONCEPT-SET,129,,
50975c1d-ae6a-4e8a-90cd-172a1e55156c,CIEL:167360,CONCEPT-SET,130,,
50975c1d-ae6a-4e8a-90cd-172a1e55156c,CIEL:167352,CONCEPT-SET,131,,
50975c1d-ae6a-4e8a-90cd-172a1e55156c,CIEL:167358,CONCEPT-SET,132,,
50975c1d-ae6a-4e8a-90cd-172a1e55156c,CIEL:167363,CONCEPT-SET,133,,
50975c1d-ae6a-4e8a-90cd-172a1e55156c,CIEL:167356,CONCEPT-SET,134,,
50975c1d-ae6a-4e8a-90cd-172a1e55156c,CIEL:159362,CONCEPT-SET,135,,
50975c1d-ae6a-4e8a-90cd-172a1e55156c,CIEL:163348,CONCEPT-SET,136,,
50975c1d-ae6a-4e8a-90cd-172a1e55156c,CIEL:163634,CONCEPT-SET,137,,
50975c1d-ae6a-4e8a-90cd-172a1e55156c,CIEL:304,CONCEPT-SET,138,,
50975c1d-ae6a-4e8a-90cd-172a1e55156c,CIEL:161450,CONCEPT-SET,139,,
50975c1d-ae6a-4e8a-90cd-172a1e55156c,CIEL:1368,CONCEPT-SET,140,,
50975c1d-ae6a-4e8a-90cd-172a1e55156c,CIEL:161447,CONCEPT-SET,141,,
50975c1d-ae6a-4e8a-90cd-172a1e55156c,CIEL:166401,CONCEPT-SET,142,,
50975c1d-ae6a-4e8a-90cd-172a1e55156c,CIEL:167355,CONCEPT-SET,143,,
50975c1d-ae6a-4e8a-90cd-172a1e55156c,CIEL:167354,CONCEPT-SET,144,,
50975c1d-ae6a-4e8a-90cd-172a1e55156c,CIEL:167353,CONCEPT-SET,145,,
50975c1d-ae6a-4e8a-90cd-172a1e55156c,CIEL:167362,CONCEPT-SET,146,,
50975c1d-ae6a-4e8a-90cd-172a1e55156c,CIEL:167350,CONCEPT-SET,147,,
50975c1d-ae6a-4e8a-90cd-172a1e55156c,CIEL:167365,CONCEPT-SET,148,,
50975c1d-ae6a-4e8a-90cd-172a1e55156c,CIEL:163696,CONCEPT-SET,149,,
50975c1d-ae6a-4e8a-90cd-172a1e55156c,CIEL:163692,CONCEPT-SET,150,,
50975c1d-ae6a-4e8a-90cd-172a1e55156c,CIEL:163685,CONCEPT-SET,151,,
50975c1d-ae6a-4e8a-90cd-172a1e55156c,CIEL:167210,CONCEPT-SET,152,,
50975c1d-ae6a-4e8a-90cd-172a1e55156c,CIEL:163683,CONCEPT-SET,153,,
50975c1d-ae6a-4e8a-90cd-172a1e55156c,CIEL:163684,CONCEPT-SET,154,,
50975c1d-ae6a-4e8a-90cd-172a1e55156c,CIEL:163688,CONCEPT-SET,155,,
50975c1d-ae6a-4e8a-90cd-172a1e55156c,CIEL:163689,CONCEPT-SET,156,,
50975c1d-ae6a-4e8a-90cd-172a1e55156c,CIEL:165304,CONCEPT-SET,157,,
50975c1d-ae6a-4e8a-90cd-172a1e55156c,CIEL:56,CONCEPT-SET,158,,
50975c1d-ae6a-4e8a-90cd-172a1e55156c,CIEL:45,CONCEPT-SET,159,,
50975c1d-ae6a-4e8a-90cd-172a1e55156c,CIEL:163687,CONCEPT-SET,160,,
50975c1d-ae6a-4e8a-90cd-172a1e55156c,CIEL:163686,CONCEPT-SET,161,,
2c87f0c0-9b9b-4c8b-ae96-20e6361f21d5,CIEL:1334,CONCEPT-SET,1,,
2c87f0c0-9b9b-4c8b-ae96-20e6361f21d5,CIEL:1335,CONCEPT-SET,2,,
2c87f0c0-9b9b-4c8b-ae96-20e6361f21d5,CIEL:166022,CONCEPT-SET,3,,
2c87f0c0-9b9b-4c8b-ae96-20e6361f21d5,CIEL:160767,CONCEPT-SET,4,,
2c87f0c0-9b9b-4c8b-ae96-20e6361f21d5,CIEL:168288,CONCEPT-SET,5,,
2c87f0c0-9b9b-4c8b-ae96-20e6361f21d5,CIEL:1328,CONCEPT-SET,6,,
2c87f0c0-9b9b-4c8b-ae96-20e6361f21d5,CIEL:167999,CONCEPT-SET,7,,
2c87f0c0-9b9b-4c8b-ae96-20e6361f21d5,CIEL:1020,CONCEPT-SET,8,,
2c87f0c0-9b9b-4c8b-ae96-20e6361f21d5,CIEL:1337,CONCEPT-SET,9,,
2c87f0c0-9b9b-4c8b-ae96-20e6361f21d5,CIEL:1025,CONCEPT-SET,10,,
2c87f0c0-9b9b-4c8b-ae96-20e6361f21d5,CIEL:1341,CONCEPT-SET,11,,
2c87f0c0-9b9b-4c8b-ae96-20e6361f21d5,CIEL:1028,CONCEPT-SET,13,,
2c87f0c0-9b9b-4c8b-ae96-20e6361f21d5,CIEL:1310,CONCEPT-SET,14,,
2c87f0c0-9b9b-4c8b-ae96-20e6361f21d5,CIEL:854,CONCEPT-SET,15,,
2c87f0c0-9b9b-4c8b-ae96-20e6361f21d5,CIEL:853,CONCEPT-SET,16,,
2c87f0c0-9b9b-4c8b-ae96-20e6361f21d5,CIEL:1027,CONCEPT-SET,17,,
2c87f0c0-9b9b-4c8b-ae96-20e6361f21d5,CIEL:1024,CONCEPT-SET,18,,
2c87f0c0-9b9b-4c8b-ae96-20e6361f21d5,CIEL:1340,CONCEPT-SET,19,,
2c87f0c0-9b9b-4c8b-ae96-20e6361f21d5,CIEL:166377,CONCEPT-SET,20,,
2c87f0c0-9b9b-4c8b-ae96-20e6361f21d5,CIEL:161926,CONCEPT-SET,21,,
2c87f0c0-9b9b-4c8b-ae96-20e6361f21d5,CIEL:165396,CONCEPT-SET,22,,
2c87f0c0-9b9b-4c8b-ae96-20e6361f21d5,CIEL:165557,CONCEPT-SET,23,,
2c87f0c0-9b9b-4c8b-ae96-20e6361f21d5,CIEL:1329,CONCEPT-SET,24,,
2c87f0c0-9b9b-4c8b-ae96-20e6361f21d5,CIEL:167166,CONCEPT-SET,25,,
2c87f0c0-9b9b-4c8b-ae96-20e6361f21d5,CIEL:161150,CONCEPT-SET,26,,
2c87f0c0-9b9b-4c8b-ae96-20e6361f21d5,CIEL:163615,CONCEPT-SET,27,,
2c87f0c0-9b9b-4c8b-ae96-20e6361f21d5,CIEL:1319,CONCEPT-SET,28,,
2c87f0c0-9b9b-4c8b-ae96-20e6361f21d5,CIEL:165558,CONCEPT-SET,29,,
2c87f0c0-9b9b-4c8b-ae96-20e6361f21d5,CIEL:1021,CONCEPT-SET,30,,
2c87f0c0-9b9b-4c8b-ae96-20e6361f21d5,CIEL:1307,CONCEPT-SET,31,,
2c87f0c0-9b9b-4c8b-ae96-20e6361f21d5,CIEL:165559,CONCEPT-SET,32,,
2c87f0c0-9b9b-4c8b-ae96-20e6361f21d5,CIEL:165578,CONCEPT-SET,33,,
2c87f0c0-9b9b-4c8b-ae96-20e6361f21d5,CIEL:1023,CONCEPT-SET,34,,
2c87f0c0-9b9b-4c8b-ae96-20e6361f21d5,CIEL:1339,CONCEPT-SET,35,,
2c87f0c0-9b9b-4c8b-ae96-20e6361f21d5,CIEL:1022,CONCEPT-SET,36,,
2c87f0c0-9b9b-4c8b-ae96-20e6361f21d5,SNOMED-CT:55323000,CONCEPT-SET,37,,
2c87f0c0-9b9b-4c8b-ae96-20e6361f21d5,CIEL:1309,CONCEPT-SET,38,,
2c87f0c0-9b9b-4c8b-ae96-20e6361f21d5,CIEL:1308,CONCEPT-SET,39,,
2c87f0c0-9b9b-4c8b-ae96-20e6361f21d5,CIEL:165560,CONCEPT-SET,40,,
2c87f0c0-9b9b-4c8b-ae96-20e6361f21d5,CIEL:165303,CONCEPT-SET,41,,
2c87f0c0-9b9b-4c8b-ae96-20e6361f21d5,CIEL:165579,CONCEPT-SET,42,,
2c87f0c0-9b9b-4c8b-ae96-20e6361f21d5,CIEL:165580,CONCEPT-SET,43,,
2c87f0c0-9b9b-4c8b-ae96-20e6361f21d5,CIEL:163604,CONCEPT-SET,44,,
2c87f0c0-9b9b-4c8b-ae96-20e6361f21d5,CIEL:160232,CONCEPT-SET,45,,
2c87f0c0-9b9b-4c8b-ae96-20e6361f21d5,CIEL:168105,CONCEPT-SET,46,,
2c87f0c0-9b9b-4c8b-ae96-20e6361f21d5,CIEL:163605,CONCEPT-SET,47,,
2c87f0c0-9b9b-4c8b-ae96-20e6361f21d5,CIEL:1333,CONCEPT-SET,48,,
2c87f0c0-9b9b-4c8b-ae96-20e6361f21d5,CIEL:1332,CONCEPT-SET,49,,
2c87f0c0-9b9b-4c8b-ae96-20e6361f21d5,CIEL:952,CONCEPT-SET,50,,
2c87f0c0-9b9b-4c8b-ae96-20e6361f21d5,CIEL:1331,CONCEPT-SET,51,,
2c87f0c0-9b9b-4c8b-ae96-20e6361f21d5,CIEL:1330,CONCEPT-SET,52,,
2c87f0c0-9b9b-4c8b-ae96-20e6361f21d5,CIEL:166395,CONCEPT-SET,53,,
2c87f0c0-9b9b-4c8b-ae96-20e6361f21d5,CIEL:163427,CONCEPT-SET,54,,
2c87f0c0-9b9b-4c8b-ae96-20e6361f21d5,CIEL:161433,CONCEPT-SET,55,,
2c87f0c0-9b9b-4c8b-ae96-20e6361f21d5,CIEL:161233,CONCEPT-SET,56,,
2c87f0c0-9b9b-4c8b-ae96-20e6361f21d5,CIEL:300,CONCEPT-SET,57,,
2c87f0c0-9b9b-4c8b-ae96-20e6361f21d5,CIEL:5497,CONCEPT-SET,58,,
2c87f0c0-9b9b-4c8b-ae96-20e6361f21d5,CIEL:730,CONCEPT-SET,59,,
2c87f0c0-9b9b-4c8b-ae96-20e6361f21d5,CIEL:161435,CONCEPT-SET,60,,
2c87f0c0-9b9b-4c8b-ae96-20e6361f21d5,CIEL:163426,CONCEPT-SET,61,,
2c87f0c0-9b9b-4c8b-ae96-20e6361f21d5,CIEL:855,CONCEPT-SET,62,,
2c87f0c0-9b9b-4c8b-ae96-20e6361f21d5,CIEL:1015,CONCEPT-SET,63,,
2c87f0c0-9b9b-4c8b-ae96-20e6361f21d5,CIEL:161421,CONCEPT-SET,64,,
2c87f0c0-9b9b-4c8b-ae96-20e6361f21d5,CIEL:161482,CONCEPT-SET,65,,
2c87f0c0-9b9b-4c8b-ae96-20e6361f21d5,CIEL:1338,CONCEPT-SET,66,,
2c87f0c0-9b9b-4c8b-ae96-20e6361f21d5,CIEL:1017,CONCEPT-SET,67,,
2c87f0c0-9b9b-4c8b-ae96-20e6361f21d5,CIEL:1018,CONCEPT-SET,68,,
2c87f0c0-9b9b-4c8b-ae96-20e6361f21d5,CIEL:851,CONCEPT-SET,69,,
2c87f0c0-9b9b-4c8b-ae96-20e6361f21d5,CIEL:1336,CONCEPT-SET,70,,
2c87f0c0-9b9b-4c8b-ae96-20e6361f21d5,CIEL:161153,CONCEPT-SET,71,,
2c87f0c0-9b9b-4c8b-ae96-20e6361f21d5,CIEL:729,CONCEPT-SET,72,,
2c87f0c0-9b9b-4c8b-ae96-20e6361f21d5,CIEL:161481,CONCEPT-SET,73,,
2c87f0c0-9b9b-4c8b-ae96-20e6361f21d5,CIEL:679,CONCEPT-SET,74,,
2c87f0c0-9b9b-4c8b-ae96-20e6361f21d5,CIEL:1016,CONCEPT-SET,75,,
2c87f0c0-9b9b-4c8b-ae96-20e6361f21d5,CIEL:1327,CONCEPT-SET,76,,
2c87f0c0-9b9b-4c8b-ae96-20e6361f21d5,CIEL:161470,CONCEPT-SET,77,,
2c87f0c0-9b9b-4c8b-ae96-20e6361f21d5,CIEL:160225,CONCEPT-SET,78,,
2c87f0c0-9b9b-4c8b-ae96-20e6361f21d5,CIEL:678,CONCEPT-SET,79,,
5a950b75-e24c-438d-9e64-5795c6cb921b,CIEL:165556,CONCEPT-SET,1,,
5a950b75-e24c-438d-9e64-5795c6cb921b,CIEL:163647,CONCEPT-SET,2,,
5a950b75-e24c-438d-9e64-5795c6cb921b,CIEL:159649,CONCEPT-SET,3,,
5a950b75-e24c-438d-9e64-5795c6cb921b,CIEL:163650,CONCEPT-SET,4,,
5a950b75-e24c-438d-9e64-5795c6cb921b,CIEL:165541,CONCEPT-SET,5,,
5a950b75-e24c-438d-9e64-5795c6cb921b,CIEL:163691,CONCEPT-SET,6,,
5a950b75-e24c-438d-9e64-5795c6cb921b,CIEL:163690,CONCEPT-SET,7,,
5a950b75-e24c-438d-9e64-5795c6cb921b,CIEL:165540,CONCEPT-SET,8,,
5a950b75-e24c-438d-9e64-5795c6cb921b,CIEL:163649,CONCEPT-SET,9,,
5a950b75-e24c-438d-9e64-5795c6cb921b,CIEL:167209,CONCEPT-SET,10,,
5a950b75-e24c-438d-9e64-5795c6cb921b,CIEL:161453,CONCEPT-SET,11,,
5a950b75-e24c-438d-9e64-5795c6cb921b,CIEL:161452,CONCEPT-SET,12,,
5a950b75-e24c-438d-9e64-5795c6cb921b,CIEL:167212,CONCEPT-SET,13,,
5a950b75-e24c-438d-9e64-5795c6cb921b,CIEL:163646,CONCEPT-SET,14,,
5a950b75-e24c-438d-9e64-5795c6cb921b,CIEL:163651,CONCEPT-SET,15,,
5a950b75-e24c-438d-9e64-5795c6cb921b,CIEL:163648,CONCEPT-SET,16,,
5a950b75-e24c-438d-9e64-5795c6cb921b,CIEL:163694,CONCEPT-SET,17,,
5a950b75-e24c-438d-9e64-5795c6cb921b,CIEL:163693,CONCEPT-SET,18,,
af18babe-99b0-44f4-ac7a-88b3d91a0c2a,CIEL:159864,CONCEPT-SET,1,,
af18babe-99b0-44f4-ac7a-88b3d91a0c2a,CIEL:159863,CONCEPT-SET,2,,
af18babe-99b0-44f4-ac7a-88b3d91a0c2a,CIEL:163616,CONCEPT-SET,3,,
af18babe-99b0-44f4-ac7a-88b3d91a0c2a,CIEL:163617,CONCEPT-SET,4,,
af18babe-99b0-44f4-ac7a-88b3d91a0c2a,CIEL:166198,CONCEPT-SET,5,,
af18babe-99b0-44f4-ac7a-88b3d91a0c2a,CIEL:161230,CONCEPT-SET,6,,
af18babe-99b0-44f4-ac7a-88b3d91a0c2a,CIEL:166199,CONCEPT-SET,7,,
af18babe-99b0-44f4-ac7a-88b3d91a0c2a,CIEL:161471,CONCEPT-SET,8,,
af18babe-99b0-44f4-ac7a-88b3d91a0c2a,CIEL:163614,CONCEPT-SET,9,,
af18babe-99b0-44f4-ac7a-88b3d91a0c2a,CIEL:163627,CONCEPT-SET,10,,
af18babe-99b0-44f4-ac7a-88b3d91a0c2a,CIEL:192,CONCEPT-SET,11,,
af18babe-99b0-44f4-ac7a-88b3d91a0c2a,CIEL:166123,CONCEPT-SET,12,,
af18babe-99b0-44f4-ac7a-88b3d91a0c2a,CIEL:165896,CONCEPT-SET,13,,
af18babe-99b0-44f4-ac7a-88b3d91a0c2a,CIEL:165835,CONCEPT-SET,14,,
af18babe-99b0-44f4-ac7a-88b3d91a0c2a,CIEL:165898,CONCEPT-SET,15,,
af18babe-99b0-44f4-ac7a-88b3d91a0c2a,CIEL:165836,CONCEPT-SET,16,,
af18babe-99b0-44f4-ac7a-88b3d91a0c2a,CIEL:165837,CONCEPT-SET,17,,
af18babe-99b0-44f4-ac7a-88b3d91a0c2a,CIEL:165899,CONCEPT-SET,18,,
af18babe-99b0-44f4-ac7a-88b3d91a0c2a,CIEL:165839,CONCEPT-SET,19,,
af18babe-99b0-44f4-ac7a-88b3d91a0c2a,CIEL:166399,CONCEPT-SET,20,,
af18babe-99b0-44f4-ac7a-88b3d91a0c2a,CIEL:165966,CONCEPT-SET,21,,
af18babe-99b0-44f4-ac7a-88b3d91a0c2a,CIEL:168207,CONCEPT-SET,22,,
af18babe-99b0-44f4-ac7a-88b3d91a0c2a,CIEL:160708,CONCEPT-SET,23,,
af18babe-99b0-44f4-ac7a-88b3d91a0c2a,CIEL:163626,CONCEPT-SET,24,,
af18babe-99b0-44f4-ac7a-88b3d91a0c2a,CIEL:164934,CONCEPT-SET,25,,
af18babe-99b0-44f4-ac7a-88b3d91a0c2a,CIEL:164930,CONCEPT-SET,26,,
af18babe-99b0-44f4-ac7a-88b3d91a0c2a,CIEL:161494,CONCEPT-SET,27,,
af18babe-99b0-44f4-ac7a-88b3d91a0c2a,CIEL:163618,CONCEPT-SET,28,,
af18babe-99b0-44f4-ac7a-88b3d91a0c2a,CIEL:163620,CONCEPT-SET,29,,
3c3ba267-033d-4433-abd6-49adce15e315,CIEL:167399,CONCEPT-SET,1,,
3c3ba267-033d-4433-abd6-49adce15e315,CIEL:167404,CONCEPT-SET,2,,
3c3ba267-033d-4433-abd6-49adce15e315,CIEL:163645,CONCEPT-SET,3,,
3c3ba267-033d-4433-abd6-49adce15e315,CIEL:165561,CONCEPT-SET,4,,
3c3ba267-033d-4433-abd6-49adce15e315,CIEL:161485,CONCEPT-SET,5,,
3c3ba267-033d-4433-abd6-49adce15e315,CIEL:159648,CONCEPT-SET,6,,
3c3ba267-033d-4433-abd6-49adce15e315,CIEL:163619,CONCEPT-SET,7,,
3c3ba267-033d-4433-abd6-49adce15e315,CIEL:163678,CONCEPT-SET,8,,
3c3ba267-033d-4433-abd6-49adce15e315,CIEL:163677,CONCEPT-SET,9,,
3c3ba267-033d-4433-abd6-49adce15e315,CIEL:167405,CONCEPT-SET,10,,
3c3ba267-033d-4433-abd6-49adce15e315,CIEL:167403,CONCEPT-SET,11,,
3c3ba267-033d-4433-abd6-49adce15e315,CIEL:167398,CONCEPT-SET,12,,
3c3ba267-033d-4433-abd6-49adce15e315,CIEL:161155,CONCEPT-SET,13,,
3c3ba267-033d-4433-abd6-49adce15e315,CIEL:161484,CONCEPT-SET,14,,
3c3ba267-033d-4433-abd6-49adce15e315,CIEL:167364,CONCEPT-SET,15,,
3c3ba267-033d-4433-abd6-49adce15e315,CIEL:161454,CONCEPT-SET,16,,
3c3ba267-033d-4433-abd6-49adce15e315,CIEL:167351,CONCEPT-SET,17,,
3c3ba267-033d-4433-abd6-49adce15e315,CIEL:161448,CONCEPT-SET,18,,
3c3ba267-033d-4433-abd6-49adce15e315,CIEL:160735,CONCEPT-SET,19,,
3c3ba267-033d-4433-abd6-49adce15e315,CIEL:161156,CONCEPT-SET,20,,
